source,neighbor,obs,exp_perm,log2_oe,z,p,q,significant,low_expected,sample
Endothelial,Endothelial,15387,2628.0296,2.5492034444177,194.78479864843,0.0003999200159968,0.000426001756170504,True,False,Patient1_PT
Endothelial,Fibroblast,5785,3076.019,0.911032971204391,51.6986017456195,0.0003999200159968,0.000426001756170504,True,False,Patient1_PT
Endothelial,Schwann,175,325.033,-0.889442567884753,-8.62019046176892,0.0003999200159968,0.000426001756170504,True,False,Patient1_PT
Endothelial,Neuroblast,7145,21705.2836,-1.60290491977699,-146.525033396591,0.0003999200159968,0.000426001756170504,True,False,Patient1_PT
Endothelial,Macrophage,6563,7951.831,-0.276893274706103,-17.5757453758227,0.0003999200159968,0.000426001756170504,True,False,Patient1_PT
Endothelial,B,164,120.5618,0.44077608194603,4.09473437643185,0.0003999200159968,0.000426001756170504,True,False,Patient1_PT
Endothelial,T,2323,1735.242,0.420642021958044,14.4894322754796,0.0003999200159968,0.000426001756170504,True,False,Patient1_PT
Fibroblast,Endothelial,6504,3075.342,1.08033315888488,65.4153078153868,0.0003999200159968,0.000426001756170504,True,False,Patient1_PT
Fibroblast,Fibroblast,12963,3599.1468,1.84838328540246,123.264220772088,0.0003999200159968,0.000426001756170504,True,False,Patient1_PT
Fibroblast,Schwann,810,379.8906,1.09032523037622,22.8429170076531,0.0003999200159968,0.000426001756170504,True,False,Patient1_PT
Fibroblast,Neuroblast,8028,25404.6968,-1.66185981483497,-164.684277037837,0.0003999200159968,0.000426001756170504,True,False,Patient1_PT
Fibroblast,Macrophage,12015,9306.1464,0.368545912052804,32.3056374052883,0.0003999200159968,0.000426001756170504,True,False,Patient1_PT
Fibroblast,B,304,140.6716,1.10625866328789,14.1986397523648,0.0003999200159968,0.000426001756170504,True,False,Patient1_PT
Fibroblast,T,3314,2032.1058,0.705323577357015,29.3809796911114,0.0003999200159968,0.000426001756170504,True,False,Patient1_PT
Schwann,Endothelial,217,325.0378,-0.580711101574285,-6.31131718958765,0.0003999200159968,0.000426001756170504,True,False,Patient1_PT
Schwann,Fibroblast,830,379.795,1.12583394142371,24.4225553243431,0.0003999200159968,0.000426001756170504,True,False,Patient1_PT
Schwann,Schwann,2455,39.7448,5.91355080139454,290.67310946236,0.0003999200159968,0.000426001756170504,True,False,Patient1_PT
Schwann,Neuroblast,117,2681.7378,-4.50684729357939,-76.9161674043993,0.0003999200159968,0.000426001756170504,True,False,Patient1_PT
Schwann,Macrophage,941,982.2126,-0.0617763443194629,-1.47947109497541,0.150369926014797,0.150369926014797,False,False,Patient1_PT
Schwann,B,2,14.9654,-2.41191429306777,-3.33710076267823,0.0003999200159968,0.000426001756170504,True,False,Patient1_PT
Schwann,T,76,214.5066,-1.4848017023453,-9.70315019940279,0.0003999200159968,0.000426001756170504,True,False,Patient1_PT
Neuroblast,Endothelial,8033,21705.4316,-1.43393220901395,-106.258088723139,0.0003999200159968,0.000426001756170504,True,False,Patient1_PT
Neuroblast,Fibroblast,8298,25401.7586,-1.61397576183808,-125.807138724595,0.0003999200159968,0.000426001756170504,True,False,Patient1_PT
Neuroblast,Schwann,132,2681.643,-4.33415692597387,-57.898775392033,0.0003999200159968,0.000426001756170504,True,False,Patient1_PT
Neuroblast,Neuroblast,254087,179307.6504,0.502883151860349,256.152619726836,0.0003999200159968,0.000426001756170504,True,False,Patient1_PT
Neuroblast,Macrophage,31852,65680.2412,-1.04405213473069,-156.15206672502,0.0003999200159968,0.000426001756170504,True,False,Patient1_PT
Neuroblast,B,343,996.0464,-1.53525208061108,-23.7275553012693,0.0003999200159968,0.000426001756170504,True,False,Patient1_PT
Neuroblast,T,7365,14337.2288,-0.960913516718957,-66.7851658181605,0.0003999200159968,0.000426001756170504,True,False,Patient1_PT
Macrophage,Endothelial,7130,7952.3096,-0.157450928082999,-9.91515762577888,0.0003999200159968,0.000426001756170504,True,False,Patient1_PT
Macrophage,Fibroblast,11980,9305.2872,0.364470712696042,30.1203029005865,0.0003999200159968,0.000426001756170504,True,False,Patient1_PT
Macrophage,Schwann,917,982.7942,-0.0998623959780605,-2.17067608521798,0.0311937612477504,0.0318436312737452,True,False,Patient1_PT
Macrophage,Neuroblast,31714,65684.1492,-1.05040188534262,-188.236108346865,0.0003999200159968,0.000426001756170504,True,False,Patient1_PT
Macrophage,Macrophage,55158,24061.7226,1.19679641500854,180.077766662215,0.0003999200159968,0.000426001756170504,True,False,Patient1_PT
Macrophage,B,429,364.9236,0.232794195476892,3.5347002149094,0.0011997600479904,0.00125081366705382,True,False,Patient1_PT
Macrophage,T,6276,5252.8136,0.256710192904347,15.0230525423847,0.0003999200159968,0.000426001756170504,True,False,Patient1_PT
B,Endothelial,179,120.4768,0.567316096599575,5.55704311189331,0.0003999200159968,0.000426001756170504,True,False,Patient1_PT
B,Fibroblast,325,140.7726,1.20129323063623,16.3317741799748,0.0003999200159968,0.000426001756170504,True,False,Patient1_PT
B,Schwann,2,14.9292,-2.40863940748175,-3.35537283220543,0.0003999200159968,0.000426001756170504,True,False,Patient1_PT
B,Neuroblast,322,995.757,-1.62570766706144,-33.1239309214714,0.0003999200159968,0.000426001756170504,True,False,Patient1_PT
B,Macrophage,452,364.8072,0.308427579061128,5.15315931749016,0.0003999200159968,0.000426001756170504,True,False,Patient1_PT
B,B,139,5.4972,4.4294649013301,42.7340977938326,0.0003999200159968,0.000426001756170504,True,False,Patient1_PT
B,T,303,79.76,1.91235850788683,26.0140545710213,0.0003999200159968,0.000426001756170504,True,False,Patient1_PT
T,Endothelial,2562,1735.5898,0.56157646343787,20.4966154538093,0.0003999200159968,0.000426001756170504,True,False,Patient1_PT
T,Fibroblast,3354,2032.3768,0.722435184237885,30.529957174817,0.0003999200159968,0.000426001756170504,True,False,Patient1_PT
T,Schwann,73,214.3312,-1.54096019531905,-9.9009913252791,0.0003999200159968,0.000426001756170504,True,False,Patient1_PT
T,Neuroblast,7185,14337.8286,-0.996666328496477,-91.0492201218986,0.0003999200159968,0.000426001756170504,True,False,Patient1_PT
T,Macrophage,6363,5252.922,0.276539053364241,17.4234242125991,0.0003999200159968,0.000426001756170504,True,False,Patient1_PT
T,B,302,79.6906,1.90884527113288,25.1846189560515,0.0003999200159968,0.000426001756170504,True,False,Patient1_PT
T,T,4959,1145.261,2.11340454202034,86.5105197819738,0.0003999200159968,0.000426001756170504,True,False,Patient1_PT
Endothelial,Endothelial,52241,7473.2582,2.80520782124451,406.113921823724,0.0003999200159968,0.000416937889017941,True,False,Patient1_DX
Endothelial,Fibroblast,12715,6302.074,1.0125174159671,86.7246314855769,0.0003999200159968,0.000416937889017941,True,False,Patient1_DX
Endothelial,Schwann,882,384.786,1.19461264828934,25.9083792851001,0.0003999200159968,0.000416937889017941,True,False,Patient1_DX
Endothelial,Neuroblast,19352,73855.914,-1.93217576027958,-342.897982422548,0.0003999200159968,0.000416937889017941,True,False,Patient1_DX
Endothelial,Macrophage,12376,7730.2042,0.678896620550814,56.147037683325,0.0003999200159968,0.000416937889017941,True,False,Patient1_DX
Endothelial,B,2460,3641.3306,-0.565617218207366,-20.391674383156,0.0003999200159968,0.000416937889017941,True,False,Patient1_DX
Endothelial,T,8538,9176.433,-0.104023550835766,-7.14643699434269,0.0003999200159968,0.000416937889017941,True,False,Patient1_DX
Fibroblast,Endothelial,14040,6302.5466,1.1554100142272,105.810657706913,0.0003999200159968,0.000416937889017941,True,False,Patient1_DX
Fibroblast,Fibroblast,37907,5313.5906,2.83447187720639,342.46365860957,0.0003999200159968,0.000416937889017941,True,False,Patient1_DX
Fibroblast,Schwann,1173,324.471,1.85083150071263,48.502644521872,0.0003999200159968,0.000416937889017941,True,False,Patient1_DX
Fibroblast,Neuroblast,13470,62268.0156,-2.20865752094769,-338.253582485832,0.0003999200159968,0.000416937889017941,True,False,Patient1_DX
Fibroblast,Macrophage,11445,6515.8332,0.8126005376058,63.7944516885284,0.0003999200159968,0.000416937889017941,True,False,Patient1_DX
Fibroblast,B,3645,3070.4624,0.247388839043979,10.9141116624071,0.0003999200159968,0.000416937889017941,True,False,Patient1_DX
Fibroblast,T,9850,7735.0806,0.348667357718303,25.7464779430626,0.0003999200159968,0.000416937889017941,True,False,Patient1_DX
Schwann,Endothelial,1003,384.5424,1.38079783501884,32.4851262789035,0.0003999200159968,0.000416937889017941,True,False,Patient1_DX
Schwann,Fibroblast,1083,324.234,1.73681476677577,44.3077137297037,0.0003999200159968,0.000416937889017941,True,False,Patient1_DX
Schwann,Schwann,409,19.7072,4.30741951717328,65.4723459373047,0.0003999200159968,0.000416937889017941,True,False,Patient1_DX
Schwann,Neuroblast,1983,3799.7274,-0.937863528606531,-52.0176088777895,0.0003999200159968,0.000416937889017941,True,False,Patient1_DX
Schwann,Macrophage,567,397.8908,0.509897080176619,8.85570470167772,0.0003999200159968,0.000416937889017941,True,False,Patient1_DX
Schwann,B,125,187.4,-0.580375231225504,-4.58496431906839,0.0003999200159968,0.000416937889017941,True,False,Patient1_DX
Schwann,T,416,472.4982,-0.183311557639329,-2.76326658262579,0.0047990401919616,0.0047990401919616,True,False,Patient1_DX
Neuroblast,Endothelial,19708,73853.2164,-1.90582570959857,-271.157258546846,0.0003999200159968,0.000416937889017941,True,False,Patient1_DX
Neuroblast,Fibroblast,12544,62268.169,-2.3114055554156,-277.906802628576,0.0003999200159968,0.000416937889017941,True,False,Patient1_DX
Neuroblast,Schwann,1927,3799.5128,-0.979089041752422,-41.4325288089909,0.0003999200159968,0.000416937889017941,True,False,Patient1_DX
Neuroblast,Neuroblast,972798,729686.6666,0.414862676645875,566.284667217758,0.0003999200159968,0.000416937889017941,True,False,Patient1_DX
Neuroblast,Macrophage,31251,76373.7192,-1.28914665141234,-223.149402296122,0.0003999200159968,0.000416937889017941,True,False,Patient1_DX
Neuroblast,B,8920,35975.2536,-2.01176761554351,-190.921476081645,0.0003999200159968,0.000416937889017941,True,False,Patient1_DX
Neuroblast,T,25472,90663.4624,-1.83156829240325,-297.878554399247,0.0003999200159968,0.000416937889017941,True,False,Patient1_DX
Macrophage,Endothelial,12799,7730.42,0.727338492409494,61.3569056179872,0.0003999200159968,0.000416937889017941,True,False,Patient1_DX
Macrophage,Fibroblast,11146,6515.6122,0.774461440212106,59.5051075806528,0.0003999200159968,0.000416937889017941,True,False,Patient1_DX
Macrophage,Schwann,576,397.779,0.532981880532756,9.31302135620603,0.0003999200159968,0.000416937889017941,True,False,Patient1_DX
Macrophage,Neuroblast,32015,76373.2938,-1.25429406266085,-272.262971625734,0.0003999200159968,0.000416937889017941,True,False,Patient1_DX
Macrophage,Macrophage,33554,7994.4014,2.06928538762418,224.88023916785,0.0003999200159968,0.000416937889017941,True,False,Patient1_DX
Macrophage,B,6289,3764.6154,0.740174358853702,42.266089408364,0.0003999200159968,0.000416937889017941,True,False,Patient1_DX
Macrophage,T,15887,9489.8782,0.743324035497045,71.5090336632578,0.0003999200159968,0.000416937889017941,True,False,Patient1_DX
B,Endothelial,2371,3640.859,-0.61857105742299,-21.9938687483699,0.0003999200159968,0.000416937889017941,True,False,Patient1_DX
B,Fibroblast,3538,3070.7534,0.204279360442756,8.92787084557391,0.0003999200159968,0.000416937889017941,True,False,Patient1_DX
B,Schwann,124,187.3608,-0.591570660244228,-4.68212507547314,0.0003999200159968,0.000416937889017941,True,False,Patient1_DX
B,Neuroblast,8782,35977.3458,-2.03434314751076,-246.823844543664,0.0003999200159968,0.000416937889017941,True,False,Patient1_DX
B,Macrophage,6161,3764.5846,0.710524824372646,40.0802742748283,0.0003999200159968,0.000416937889017941,True,False,Patient1_DX
B,B,15064,1773.2274,3.08593783832317,237.882297264416,0.0003999200159968,0.000416937889017941,True,False,Patient1_DX
B,T,16844,4469.869,1.91369324895365,196.455908657132,0.0003999200159968,0.000416937889017941,True,False,Patient1_DX
T,Endothelial,8445,9175.9176,-0.119741406505617,-8.18351966240022,0.0003999200159968,0.000416937889017941,True,False,Patient1_DX
T,Fibroblast,9540,7734.91,0.302569473681341,21.6729391569549,0.0003999200159968,0.000416937889017941,True,False,Patient1_DX
T,Schwann,410,472.0852,-0.202961634368983,-3.00159779132296,0.0023995200959808,0.0024495100979804,True,False,Patient1_DX
T,Neuroblast,25611,90665.6266,-1.82375169302177,-371.18107114375,0.0003999200159968,0.000416937889017941,True,False,Patient1_DX
T,Macrophage,15705,9489.232,0.726800541028826,67.9479531677724,0.0003999200159968,0.000416937889017941,True,False,Patient1_DX
T,B,16897,4469.4582,1.91835789001045,194.249244628326,0.0003999200159968,0.000416937889017941,True,False,Patient1_DX
T,T,56664,11264.7704,2.33051193329422,337.829453988846,0.0003999200159968,0.000416937889017941,True,False,Patient1_DX
Endothelial,Endothelial,10775,1890.1984,2.51044913072682,165.197520879092,0.0003999200159968,0.000477953189849834,True,False,Patient3_DX
Endothelial,Fibroblast,5108,7066.3704,-0.468132586713373,-29.3490878540922,0.0003999200159968,0.000477953189849834,True,False,Patient3_DX
Endothelial,Schwann,478,489.6858,-0.0347738657687018,-0.530681592504287,0.623475304939012,0.623475304939012,False,False,Patient3_DX
Endothelial,Neuroblast,1578,7574.3214,-2.26229592825867,-87.7522997087535,0.0003999200159968,0.000477953189849834,True,False,Patient3_DX
Endothelial,Macrophage,2445,3139.71,-0.360666332859992,-13.8196612502171,0.0003999200159968,0.000477953189849834,True,False,Patient3_DX
Endothelial,B,157,347.0644,-1.13942970446728,-10.4528504918346,0.0003999200159968,0.000477953189849834,True,False,Patient3_DX
Endothelial,T,219,252.6496,-0.205333361621654,-2.13631065192039,0.0307938412317536,0.0342931413717256,True,False,Patient3_DX
Fibroblast,Endothelial,5770,7066.3508,-0.292348190397557,-17.4626474904822,0.0003999200159968,0.000477953189849834,True,False,Patient3_DX
Fibroblast,Fibroblast,53463,26392.3916,1.01839102772213,174.266510856586,0.0003999200159968,0.000477953189849834,True,False,Patient3_DX
Fibroblast,Schwann,1043,1830.9382,-0.811249123373467,-19.7116416892195,0.0003999200159968,0.000477953189849834,True,False,Patient3_DX
Fibroblast,Neuroblast,3300,28293.8084,-3.09956232448427,-184.247076881568,0.0003999200159968,0.000477953189849834,True,False,Patient3_DX
Fibroblast,Macrophage,11051,11726.5704,-0.0855966940207373,-7.12480518492132,0.0003999200159968,0.000477953189849834,True,False,Patient3_DX
Fibroblast,B,1718,1296.5964,0.405727822698514,12.6855441137633,0.0003999200159968,0.000477953189849834,True,False,Patient3_DX
Fibroblast,T,1205,943.3442,0.352845204906138,9.2780044022768,0.0003999200159968,0.000477953189849834,True,False,Patient3_DX
Schwann,Endothelial,553,489.5018,0.175627545545935,2.93354722947394,0.00679864027194561,0.00793174698393654,True,False,Patient3_DX
Schwann,Fibroblast,966,1831.0966,-0.921907778853066,-24.5870234060804,0.0003999200159968,0.000477953189849834,True,False,Patient3_DX
Schwann,Schwann,483,126.756,1.92161599925692,23.7912731273081,0.0003999200159968,0.000477953189849834,True,False,Patient3_DX
Schwann,Neuroblast,2362,1960.4376,0.268708190201887,11.3129881594738,0.0003999200159968,0.000477953189849834,True,False,Patient3_DX
Schwann,Macrophage,909,812.741,0.161296863195482,3.67795453747813,0.0003999200159968,0.000477953189849834,True,False,Patient3_DX
Schwann,B,68,90.2254,-0.402839209780842,-2.38623028844985,0.0167966406718656,0.0191403579749166,True,False,Patient3_DX
Schwann,T,35,65.2416,-0.87974061356773,-3.82078362341098,0.0003999200159968,0.000477953189849834,True,False,Patient3_DX
Neuroblast,Endothelial,1576,7573.1662,-2.26390441851206,-77.2431831426515,0.0003999200159968,0.000477953189849834,True,False,Patient3_DX
Neuroblast,Fibroblast,2586,28293.1362,-3.45115113449677,-185.055945455428,0.0003999200159968,0.000477953189849834,True,False,Patient3_DX
Neuroblast,Schwann,2231,1960.8134,0.186149202580986,6.56877902100364,0.0003999200159968,0.000477953189849834,True,False,Patient3_DX
Neuroblast,Neuroblast,70068,30320.2624,1.20844648660299,243.464979566338,0.0003999200159968,0.000477953189849834,True,False,Patient3_DX
Neuroblast,Macrophage,5930,12570.147,-1.08376901133947,-67.7537555427731,0.0003999200159968,0.000477953189849834,True,False,Patient3_DX
Neuroblast,B,352,1389.6254,-1.97799375733469,-29.8863885231245,0.0003999200159968,0.000477953189849834,True,False,Patient3_DX
Neuroblast,T,375,1010.8494,-1.4281900134898,-22.078179766438,0.0003999200159968,0.000477953189849834,True,False,Patient3_DX
Macrophage,Endothelial,2699,3139.0818,-0.217842734935446,-8.59505796865187,0.0003999200159968,0.000477953189849834,True,False,Patient3_DX
Macrophage,Fibroblast,10629,11726.1354,-0.141709050859895,-12.3880887171425,0.0003999200159968,0.000477953189849834,True,False,Patient3_DX
Macrophage,Schwann,950,812.8962,0.224600528528112,5.01299724941614,0.0003999200159968,0.000477953189849834,True,False,Patient3_DX
Macrophage,Neuroblast,6812,12570.6662,-0.88381375977113,-63.5887645621538,0.0003999200159968,0.000477953189849834,True,False,Patient3_DX
Macrophage,Macrophage,12128,5208.0462,1.21936947165464,82.2090437772919,0.0003999200159968,0.000477953189849834,True,False,Patient3_DX
Macrophage,B,614,576.2952,0.091277180541803,1.63962111836518,0.108778244351129,0.113407105812879,False,False,Patient3_DX
Macrophage,T,620,418.879,0.56461963400819,9.97474850230316,0.0003999200159968,0.000477953189849834,True,False,Patient3_DX
B,Endothelial,147,347.1844,-1.23425439029731,-11.0505654175903,0.0003999200159968,0.000477953189849834,True,False,Patient3_DX
B,Fibroblast,1642,1296.8338,0.340226835986326,11.6427592115825,0.0003999200159968,0.000477953189849834,True,False,Patient3_DX
B,Schwann,71,90.1916,-0.340904031908828,-2.07097594004271,0.0343931213757248,0.0374502877202337,True,False,Patient3_DX
B,Neuroblast,391,1389.6142,-1.82679666707861,-33.8183880374604,0.0003999200159968,0.000477953189849834,True,False,Patient3_DX
B,Macrophage,602,576.3444,0.0627258237280613,1.1621050501946,0.257948410317936,0.263322335532893,False,False,Patient3_DX
B,B,806,63.5066,3.64504999079806,69.6997927129813,0.0003999200159968,0.000477953189849834,True,False,Patient3_DX
B,T,151,46.325,1.68339691262724,15.7361763517894,0.0003999200159968,0.000477953189849834,True,False,Patient3_DX
T,Endothelial,226,252.857,-0.161323744808776,-1.76975143669325,0.0795840831833633,0.0847743494779305,False,False,Patient3_DX
T,Fibroblast,1140,943.5874,0.272542595233348,7.90295587667208,0.0003999200159968,0.000477953189849834,True,False,Patient3_DX
T,Schwann,36,65.2642,-0.840704377397229,-3.69995653682616,0.0003999200159968,0.000477953189849834,True,False,Patient3_DX
T,Neuroblast,442,1011.1598,-1.19205847711509,-22.5774833340546,0.0003999200159968,0.000477953189849834,True,False,Patient3_DX
T,Macrophage,599,419.2922,0.513569818263479,9.46084222023626,0.0003999200159968,0.000477953189849834,True,False,Patient3_DX
T,B,147,46.2732,1.64650274435951,15.3892501269366,0.0003999200159968,0.000477953189849834,True,False,Patient3_DX
T,T,182,33.5662,2.40440973228947,19.0854514880084,0.0003999200159968,0.000477953189849834,True,False,Patient3_DX
Endothelial,Endothelial,13211,3086.6598,2.0972631651685,152.745689644137,0.0003999200159968,0.00055988802239552,True,False,Patient3_PT
Endothelial,Fibroblast,3812,5282.9984,-0.470703498671277,-22.990263351168,0.0003999200159968,0.00055988802239552,True,False,Patient3_PT
Endothelial,Schwann,220,232.874,-0.0816851151775181,-0.851931921034915,0.408318336332733,0.444613299562309,False,False,Patient3_PT
Endothelial,Neuroblast,1389,7777.5006,-2.48440720215726,-88.4650512774824,0.0003999200159968,0.00055988802239552,True,False,Patient3_PT
Endothelial,Macrophage,4790,6716.7054,-0.487641715165769,-27.5901842452013,0.0003999200159968,0.00055988802239552,True,False,Patient3_PT
Endothelial,B,76,96.9024,-0.346485780984229,-2.17856675861664,0.0295940811837632,0.0371823071283179,True,False,Patient3_PT
Endothelial,T,370,674.3594,-0.864236265849579,-12.1909021514369,0.0003999200159968,0.00055988802239552,True,False,Patient3_PT
Fibroblast,Endothelial,4864,5283.142,-0.119229431438906,-6.25998752856373,0.0003999200159968,0.00055988802239552,True,False,Patient3_PT
Fibroblast,Fibroblast,17050,9044.7634,0.914542185711617,78.1005211315234,0.0003999200159968,0.00055988802239552,True,False,Patient3_PT
Fibroblast,Schwann,452,399.017,0.179449737035169,2.7403704792758,0.00879824035192961,0.0113450994011723,True,False,Patient3_PT
Fibroblast,Neuroblast,3624,13312.257,-1.87681065995994,-102.251683122379,0.0003999200159968,0.00055988802239552,True,False,Patient3_PT
Fibroblast,Macrophage,13219,11500.554,0.200893376838608,18.8802076947706,0.0003999200159968,0.00055988802239552,True,False,Patient3_PT
Fibroblast,B,187,165.8658,0.172044364639867,1.71949314765352,0.10117976404719,0.118043058055055,False,False,Patient3_PT
Fibroblast,T,1464,1154.4008,0.342507265933848,9.55234764530106,0.0003999200159968,0.00055988802239552,True,False,Patient3_PT
Schwann,Endothelial,258,232.8676,0.147260093241938,1.76980977899054,0.0843831233753249,0.100848123058315,False,False,Patient3_PT
Schwann,Fibroblast,434,399.0032,0.121003859447204,1.96511656434078,0.0543891221755648,0.0666266746650669,False,False,Patient3_PT
Schwann,Schwann,73,17.3612,2.0108649212777,10.1193683474811,0.0003999200159968,0.00055988802239552,True,False,Patient3_PT
Schwann,Neuroblast,517,586.0068,-0.180425117977936,-3.48193765503386,0.0003999200159968,0.00055988802239552,True,False,Patient3_PT
Schwann,Macrophage,482,506.5878,-0.0716342049977617,-1.30519397440811,0.207958408318336,0.236975860641825,False,False,Patient3_PT
Schwann,B,5,7.3222,-0.47200245907957,-0.890602475155783,0.504699060187962,0.537614216287177,False,False,Patient3_PT
Schwann,T,31,50.8512,-0.6963054728172,-2.85608205018081,0.003999200159968,0.00529623804968736,True,False,Patient3_PT
Neuroblast,Endothelial,1714,7775.9762,-2.18100074729143,-74.9752394556632,0.0003999200159968,0.00055988802239552,True,False,Patient3_PT
Neuroblast,Fibroblast,2990,13313.1846,-2.1542642607775,-101.967550487542,0.0003999200159968,0.00055988802239552,True,False,Patient3_PT
Neuroblast,Schwann,482,586.277,-0.282017948458102,-4.57839449842339,0.0003999200159968,0.00055988802239552,True,False,Patient3_PT
Neuroblast,Neuroblast,47948,19590.5834,1.29126672590507,203.015454602054,0.0003999200159968,0.00055988802239552,True,False,Patient3_PT
Neuroblast,Macrophage,6605,16928.677,-1.35770557369278,-92.814042676211,0.0003999200159968,0.00055988802239552,True,False,Patient3_PT
Neuroblast,B,42,244.5888,-2.51383620362723,-13.6996162636669,0.0003999200159968,0.00055988802239552,True,False,Patient3_PT
Neuroblast,T,357,1698.713,-2.24725967233042,-34.6912853214587,0.0003999200159968,0.00055988802239552,True,False,Patient3_PT
Macrophage,Endothelial,6213,6718.19,-0.112765084785833,-6.90939485402949,0.0003999200159968,0.00055988802239552,True,False,Patient3_PT
Macrophage,Fibroblast,12812,11500.0456,0.155843276264892,13.9955046930504,0.0003999200159968,0.00055988802239552,True,False,Patient3_PT
Macrophage,Schwann,496,506.4146,-0.0299191793300237,-0.491732246153148,0.653869226154769,0.681693448544333,False,False,Patient3_PT
Macrophage,Neuroblast,7767,16927.235,-1.12381645451745,-84.0571290973626,0.0003999200159968,0.00055988802239552,True,False,Patient3_PT
Macrophage,Macrophage,22384,14623.485,0.614146497034511,62.2694631189168,0.0003999200159968,0.00055988802239552,True,False,Patient3_PT
Macrophage,B,310,211.1202,0.552032566502125,7.22460217461078,0.0003999200159968,0.00055988802239552,True,False,Patient3_PT
Macrophage,T,1972,1467.5096,0.426038259123853,13.7849923317025,0.0003999200159968,0.00055988802239552,True,False,Patient3_PT
B,Endothelial,95,97.0182,-0.0300152475970253,-0.21966163533599,0.889022195560887,0.889022195560887,False,False,Patient3_PT
B,Fibroblast,176,165.6832,0.0866406578920621,0.909458050548454,0.389522095580883,0.433785970078711,False,False,Patient3_PT
B,Schwann,6,7.3288,-0.25075372734357,-0.503308399427737,0.811037792441511,0.827934413117376,False,False,Patient3_PT
B,Neuroblast,51,244.4888,-2.23907367722025,-15.2083255953313,0.0003999200159968,0.00055988802239552,True,False,Patient3_PT
B,Macrophage,304,211.1848,0.523487931145046,7.6093410233934,0.0003999200159968,0.00055988802239552,True,False,Patient3_PT
B,B,63,3.0322,3.98843280068295,25.7956130619677,0.0003999200159968,0.00055988802239552,True,True,Patient3_PT
B,T,55,21.264,1.33071401338808,7.39975749017158,0.0003999200159968,0.00055988802239552,True,False,Patient3_PT
T,Endothelial,508,674.112,-0.407461206515466,-6.92270926209881,0.0003999200159968,0.00055988802239552,True,False,Patient3_PT
T,Fibroblast,1482,1154.2646,0.360295275685197,10.8758273807562,0.0003999200159968,0.00055988802239552,True,False,Patient3_PT
T,Schwann,28,50.8324,-0.83780129625947,-3.26309324059609,0.0015996800639872,0.00217734230931591,True,False,Patient3_PT
T,Neuroblast,457,1698.8148,-1.89195806547137,-36.8242992663006,0.0003999200159968,0.00055988802239552,True,False,Patient3_PT
T,Macrophage,2028,1467.7108,0.466218518540547,17.1541952142372,0.0003999200159968,0.00055988802239552,True,False,Patient3_PT
T,B,51,21.2124,1.22714634198362,6.38096127219667,0.0003999200159968,0.00055988802239552,True,False,Patient3_PT
T,T,660,147.053,2.15853654757162,32.1070708287435,0.0003999200159968,0.00055988802239552,True,False,Patient3_PT
Endothelial,Endothelial,19387,5646.0202,1.77960229050019,148.929526169032,0.0003999200159968,0.000466573351996267,True,False,Patient4_PT
Endothelial,Fibroblast,7044,5749.6548,0.292873468229588,18.1125509465714,0.0003999200159968,0.000466573351996267,True,False,Patient4_PT
Endothelial,Schwann,4392,6114.6074,-0.477289294407815,-24.2358273422003,0.0003999200159968,0.000466573351996267,True,False,Patient4_PT
Endothelial,Neuroblast,10179,24216.5902,-1.25031775368156,-123.586468904039,0.0003999200159968,0.000466573351996267,True,False,Patient4_PT
Endothelial,Macrophage,7186,6691.3272,0.102881702984595,6.5504773595719,0.0003999200159968,0.000466573351996267,True,False,Patient4_PT
Endothelial,B,70,49.6538,0.48714852191837,2.99530468162985,0.00639872025594881,0.00696749538981092,True,False,Patient4_PT
Endothelial,T,1494,1284.1464,0.218212768176759,5.94917925954738,0.0003999200159968,0.000466573351996267,True,False,Patient4_PT
Fibroblast,Endothelial,7887,5749.5894,0.455949720723315,30.3037914145209,0.0003999200159968,0.000466573351996267,True,False,Patient4_PT
Fibroblast,Fibroblast,12850,5850.3856,1.13503042858873,75.7942675312817,0.0003999200159968,0.000466573351996267,True,False,Patient4_PT
Fibroblast,Schwann,10795,6226.3798,0.793799706764584,63.496941063585,0.0003999200159968,0.000466573351996267,True,False,Patient4_PT
Fibroblast,Neuroblast,7831,24646.2848,-1.65397605479108,-145.845020607846,0.0003999200159968,0.000466573351996267,True,False,Patient4_PT
Fibroblast,Macrophage,9118,6809.2272,0.421172695831911,30.5794192512392,0.0003999200159968,0.000466573351996267,True,False,Patient4_PT
Fibroblast,B,67,50.6776,0.395995676108586,2.34414533666549,0.0275944811037792,0.0281693661267746,True,False,Patient4_PT
Fibroblast,T,2092,1307.4556,0.677707341542109,22.3575797866641,0.0003999200159968,0.000466573351996267,True,False,Patient4_PT
Schwann,Endothelial,5448,6114.4288,-0.166462169889676,-9.37497116102007,0.0003999200159968,0.000466573351996267,True,False,Patient4_PT
Schwann,Fibroblast,11319,6226.6256,0.862119839735187,70.6203208556336,0.0003999200159968,0.000466573351996267,True,False,Patient4_PT
Schwann,Schwann,21106,6622.3704,1.67208409305769,146.769283794091,0.0003999200159968,0.000466573351996267,True,False,Patient4_PT
Schwann,Neuroblast,2887,26230.7068,-3.18316903414183,-195.7506413224,0.0003999200159968,0.000466573351996267,True,False,Patient4_PT
Schwann,Macrophage,10827,7247.4202,0.579028294905461,45.2958122023467,0.0003999200159968,0.000466573351996267,True,False,Patient4_PT
Schwann,B,80,53.862,0.562114691252422,3.61594576958669,0.000799840031993601,0.000911445617853173,True,False,Patient4_PT
Schwann,T,2219,1390.5862,0.673829399267143,22.9665324729838,0.0003999200159968,0.000466573351996267,True,False,Patient4_PT
Neuroblast,Endothelial,12351,24214.2782,-0.971172919883505,-86.2797669287744,0.0003999200159968,0.000466573351996267,True,False,Patient4_PT
Neuroblast,Fibroblast,7704,24645.7606,-1.67753117933766,-121.829837354679,0.0003999200159968,0.000466573351996267,True,False,Patient4_PT
Neuroblast,Schwann,2935,26229.9384,-3.15934554699727,-166.603604585592,0.0003999200159968,0.000466573351996267,True,False,Patient4_PT
Neuroblast,Neuroblast,173644,103839.7694,0.741767891785262,273.705715752594,0.0003999200159968,0.000466573351996267,True,False,Patient4_PT
Neuroblast,Macrophage,14270,28691.5792,-1.00759122786828,-97.3259889073842,0.0003999200159968,0.000466573351996267,True,False,Patient4_PT
Neuroblast,B,104,213.1096,-1.02796015518324,-8.24348403848236,0.0003999200159968,0.000466573351996267,True,False,Patient4_PT
Neuroblast,T,2334,5507.5646,-1.2382538860585,-46.7951048290603,0.0003999200159968,0.000466573351996267,True,False,Patient4_PT
Macrophage,Endothelial,8313,6692.2194,0.312842442144938,21.4723114550545,0.0003999200159968,0.000466573351996267,True,False,Patient4_PT
Macrophage,Fibroblast,9343,6808.9206,0.456402296928313,33.2839154587101,0.0003999200159968,0.000466573351996267,True,False,Patient4_PT
Macrophage,Schwann,10614,7246.1466,0.550619387738203,42.5454879868798,0.0003999200159968,0.000466573351996267,True,False,Patient4_PT
Macrophage,Neuroblast,14591,28689.5852,-0.975399760348296,-115.112435777363,0.0003999200159968,0.000466573351996267,True,False,Patient4_PT
Macrophage,Macrophage,13845,7925.7446,0.804668854697854,55.8722952211424,0.0003999200159968,0.000466573351996267,True,False,Patient4_PT
Macrophage,B,81,59.0586,0.449253064482646,2.94873028246696,0.00719856028794241,0.00766803161106909,True,False,Patient4_PT
Macrophage,T,2157,1522.325,0.502471092490146,16.8513229036021,0.0003999200159968,0.000466573351996267,True,False,Patient4_PT
B,Endothelial,81,49.675,0.694349726038547,4.75268792355507,0.0003999200159968,0.000466573351996267,True,False,Patient4_PT
B,Fibroblast,61,50.6792,0.262684478381101,1.54167732901406,0.151969606078784,0.151969606078784,False,False,Patient4_PT
B,Schwann,71,53.7688,0.394642635701277,2.51174742668344,0.0195960807838432,0.0204299565618791,True,False,Patient4_PT
B,Neuroblast,99,213.0388,-1.09787234566235,-10.7436195793157,0.0003999200159968,0.000466573351996267,True,False,Patient4_PT
B,Macrophage,82,59.0516,0.466908651206186,3.19919396563692,0.0031993601279744,0.00356292377888058,True,False,Patient4_PT
B,B,20,0.4358,3.87046262006855,21.6914753264796,0.0003999200159968,0.000466573351996267,True,True,Patient4_PT
B,T,24,11.3508,1.01732360217435,3.84679646735211,0.0003999200159968,0.000466573351996267,True,False,Patient4_PT
T,Endothelial,1657,1283.9018,0.367785902719272,10.9414516485234,0.0003999200159968,0.000466573351996267,True,False,Patient4_PT
T,Fibroblast,2099,1307.5648,0.682403959620171,23.2698759723831,0.0003999200159968,0.000466573351996267,True,False,Patient4_PT
T,Schwann,2100,1390.9434,0.593975613323939,20.2968827243389,0.0003999200159968,0.000466573351996267,True,False,Patient4_PT
T,Neuroblast,2313,5508.0258,-1.25140835493697,-59.5018642814937,0.0003999200159968,0.000466573351996267,True,False,Patient4_PT
T,Macrophage,2129,1521.8944,0.484037524002301,16.6006637684806,0.0003999200159968,0.000466573351996267,True,False,Patient4_PT
T,B,28,11.3038,1.23694894284809,5.03842275943758,0.0003999200159968,0.000466573351996267,True,False,Patient4_PT
T,T,990,292.366,1.75618337956245,31.0642285946091,0.0003999200159968,0.000466573351996267,True,False,Patient4_PT
Endothelial,Endothelial,21233,5136.3222,2.04728770373709,177.488198293551,0.0003999200159968,0.000416937889017941,True,False,Patient4_DX
Endothelial,Fibroblast,7411,4814.5698,0.622156366993602,39.7002963986209,0.0003999200159968,0.000416937889017941,True,False,Patient4_DX
Endothelial,Schwann,3547,3649.2942,-0.0410067348403627,-1.78867351579277,0.0763847230553889,0.0779760714523761,False,False,Patient4_DX
Endothelial,Neuroblast,10379,24118.8086,-1.21641201524508,-113.276890351794,0.0003999200159968,0.000416937889017941,True,False,Patient4_DX
Endothelial,Macrophage,8167,7216.4872,0.178486222329157,12.1545121044627,0.0003999200159968,0.000416937889017941,True,False,Patient4_DX
Endothelial,B,4022,6513.7882,-0.695446538638519,-33.1189801740174,0.0003999200159968,0.000416937889017941,True,False,Patient4_DX
Endothelial,T,7191,10500.7298,-0.546162056054049,-35.9001531257892,0.0003999200159968,0.000416937889017941,True,False,Patient4_DX
Fibroblast,Endothelial,7663,4814.9356,0.670281460957756,43.4663975954903,0.0003999200159968,0.000416937889017941,True,False,Patient4_DX
Fibroblast,Fibroblast,12543,4514.5148,1.47403508513148,93.5888319996001,0.0003999200159968,0.000416937889017941,True,False,Patient4_DX
Fibroblast,Schwann,6339,3420.6854,0.889775720141211,52.3205903692471,0.0003999200159968,0.000416937889017941,True,False,Patient4_DX
Fibroblast,Neuroblast,7060,22611.5218,-1.67917747182501,-130.894165288473,0.0003999200159968,0.000416937889017941,True,False,Patient4_DX
Fibroblast,Macrophage,8662,6762.6366,0.357067569287598,24.8969107868757,0.0003999200159968,0.000416937889017941,True,False,Patient4_DX
Fibroblast,B,6746,6106.1168,0.143754724520565,8.8092182261726,0.0003999200159968,0.000416937889017941,True,False,Patient4_DX
Fibroblast,T,9061,9843.589,-0.119501485713407,-8.76273159069066,0.0003999200159968,0.000416937889017941,True,False,Patient4_DX
Schwann,Endothelial,3745,3649.0636,0.0374292973403016,1.68537312436632,0.0975804839032193,0.0975804839032193,False,False,Patient4_DX
Schwann,Fibroblast,6418,3420.5442,0.907700976556986,53.9501816182651,0.0003999200159968,0.000416937889017941,True,False,Patient4_DX
Schwann,Schwann,7884,2591.2454,1.60490845476983,81.1222777719127,0.0003999200159968,0.000416937889017941,True,False,Patient4_DX
Schwann,Neuroblast,6515,17132.3742,-1.39475079085424,-102.51503764863,0.0003999200159968,0.000416937889017941,True,False,Patient4_DX
Schwann,Macrophage,7063,5123.6964,0.463018804746507,29.8070059420581,0.0003999200159968,0.000416937889017941,True,False,Patient4_DX
Schwann,B,5234,4627.6246,0.177605978129697,9.40982760284888,0.0003999200159968,0.000416937889017941,True,False,Patient4_DX
Schwann,T,7145,7459.4516,-0.0621270491794423,-4.06536461474604,0.0003999200159968,0.000416937889017941,True,False,Patient4_DX
Neuroblast,Endothelial,10174,24120.7482,-1.24530567444109,-104.15324774712,0.0003999200159968,0.000416937889017941,True,False,Patient4_DX
Neuroblast,Fibroblast,6470,22613.2408,-1.80517098062985,-122.492024609242,0.0003999200159968,0.000416937889017941,True,False,Patient4_DX
Neuroblast,Schwann,6190,17133.7934,-1.46868443250613,-94.7343383963314,0.0003999200159968,0.000416937889017941,True,False,Patient4_DX
Neuroblast,Neuroblast,212568,113261.7322,0.908257979758037,328.485392127179,0.0003999200159968,0.000416937889017941,True,False,Patient4_DX
Neuroblast,Macrophage,19036,33879.376,-0.831643740259984,-94.2122462865756,0.0003999200159968,0.000416937889017941,True,False,Patient4_DX
Neuroblast,B,9954,30595.0532,-1.61985234048604,-136.402059719002,0.0003999200159968,0.000416937889017941,True,False,Patient4_DX
Neuroblast,T,26524,49312.0562,-0.894616916177822,-121.756517535763,0.0003999200159968,0.000416937889017941,True,False,Patient4_DX
Macrophage,Endothelial,8275,7216.887,0.19735708797216,13.5406350549253,0.0003999200159968,0.000416937889017941,True,False,Patient4_DX
Macrophage,Fibroblast,8542,6762.4558,0.336982199845384,23.2880214919867,0.0003999200159968,0.000416937889017941,True,False,Patient4_DX
Macrophage,Schwann,6943,5124.2094,0.438155997960398,26.9417928493823,0.0003999200159968,0.000416937889017941,True,False,Patient4_DX
Macrophage,Neuroblast,19687,33878.0786,-0.783078075713974,-98.7065416491916,0.0003999200159968,0.000416937889017941,True,False,Patient4_DX
Macrophage,Macrophage,21357,10132.9738,1.07557655280793,92.0218257469016,0.0003999200159968,0.000416937889017941,True,False,Patient4_DX
Macrophage,B,8714,9151.3132,-0.0706357588706016,-4.90999741580025,0.0003999200159968,0.000416937889017941,True,False,Patient4_DX
Macrophage,T,13500,14752.0822,-0.127950122831449,-11.5949822036148,0.0003999200159968,0.000416937889017941,True,False,Patient4_DX
B,Endothelial,3885,6514.221,-0.745528215736066,-35.149138398256,0.0003999200159968,0.000416937889017941,True,False,Patient4_DX
B,Fibroblast,6432,6106.2264,0.0749743605980277,4.44253209516087,0.0003999200159968,0.000416937889017941,True,False,Patient4_DX
B,Schwann,4985,4627.4502,0.107353683526935,5.49902683612212,0.0003999200159968,0.000416937889017941,True,False,Patient4_DX
B,Neuroblast,10040,30594.3908,-1.6074113702151,-150.03495909135,0.0003999200159968,0.000416937889017941,True,False,Patient4_DX
B,Macrophage,8563,9150.9296,-0.0957911586960357,-6.6128363704851,0.0003999200159968,0.000416937889017941,True,False,Patient4_DX
B,B,23764,8264.4632,1.5236708255136,137.728940168219,0.0003999200159968,0.000416937889017941,True,False,Patient4_DX
B,T,20907,13318.3188,0.650534764958666,73.0092718562702,0.0003999200159968,0.000416937889017941,True,False,Patient4_DX
T,Endothelial,6961,10501.1492,-0.593110877564479,-37.5333004153963,0.0003999200159968,0.000416937889017941,True,False,Patient4_DX
T,Fibroblast,8544,9842.4462,-0.204083001023832,-14.2617286573617,0.0003999200159968,0.000416937889017941,True,False,Patient4_DX
T,Schwann,6849,7460.6354,-0.123387878988134,-7.54142726252092,0.0003999200159968,0.000416937889017941,True,False,Patient4_DX
T,Neuroblast,26818,49312.6318,-0.878731062404813,-129.13644093578,0.0003999200159968,0.000416937889017941,True,False,Patient4_DX
T,Macrophage,13191,14750.9848,-0.161245770483199,-14.1359805313144,0.0003999200159968,0.000416937889017941,True,False,Patient4_DX
T,B,20728,13317.448,0.638224545402974,70.3786995925624,0.0003999200159968,0.000416937889017941,True,False,Patient4_DX
T,T,43563,21468.7046,1.02083408545196,130.606894513612,0.0003999200159968,0.000416937889017941,True,False,Patient4_DX
Endothelial,Endothelial,33742,6481.1704,2.3800393943896,263.606560955415,0.0003999200159968,0.000408251682996734,True,False,Patient2_PT
Endothelial,Fibroblast,12755,6971.1614,0.871498130495419,73.1554273962351,0.0003999200159968,0.000408251682996734,True,False,Patient2_PT
Endothelial,Schwann,794,493.5548,0.68482447023585,13.9538853483584,0.0003999200159968,0.000408251682996734,True,False,Patient2_PT
Endothelial,Neuroblast,12340,47892.2502,-1.95636304329477,-220.61054416905,0.0003999200159968,0.000408251682996734,True,False,Patient2_PT
Endothelial,Macrophage,20952,20331.61,0.0433614013704026,5.00007381999627,0.0003999200159968,0.000408251682996734,True,False,Patient2_PT
Endothelial,B,5477,7029.6018,-0.359998919231218,-19.2947086799769,0.0003999200159968,0.000408251682996734,True,False,Patient2_PT
Endothelial,T,20512,17372.6514,0.239637504106304,26.9257995845582,0.0003999200159968,0.000408251682996734,True,False,Patient2_PT
Fibroblast,Endothelial,12905,6970.5088,0.888499102141404,74.1375025186882,0.0003999200159968,0.000408251682996734,True,False,Patient2_PT
Fibroblast,Fibroblast,39447,7496.2484,2.39551905030491,290.310711258471,0.0003999200159968,0.000408251682996734,True,False,Patient2_PT
Fibroblast,Schwann,813,529.6756,0.617198578073365,12.5686275525767,0.0003999200159968,0.000408251682996734,True,False,Patient2_PT
Fibroblast,Neuroblast,7176,51510.12,-2.84343108292212,-263.891920237875,0.0003999200159968,0.000408251682996734,True,False,Patient2_PT
Fibroblast,Macrophage,23522,21868.1958,0.10517189679541,12.5866738485292,0.0003999200159968,0.000408251682996734,True,False,Patient2_PT
Fibroblast,B,6733,7559.3806,-0.166995142369593,-10.3996537001102,0.0003999200159968,0.000408251682996734,True,False,Patient2_PT
Fibroblast,T,24022,18683.8708,0.36254573854563,43.6698379241703,0.0003999200159968,0.000408251682996734,True,False,Patient2_PT
Schwann,Endothelial,827,493.439,0.743838224143483,15.6277697326831,0.0003999200159968,0.000408251682996734,True,False,Patient2_PT
Schwann,Fibroblast,900,529.6292,0.763823038206699,16.7468543518249,0.0003999200159968,0.000408251682996734,True,False,Patient2_PT
Schwann,Schwann,347,37.5948,3.1726089192601,36.8539587678451,0.0003999200159968,0.000408251682996734,True,False,Patient2_PT
Schwann,Neuroblast,2668,3638.6886,-0.4475157178964,-21.6075394079537,0.0003999200159968,0.000408251682996734,True,False,Patient2_PT
Schwann,Macrophage,1770,1545.6038,0.195460549228538,6.32468529483556,0.0003999200159968,0.000408251682996734,True,False,Patient2_PT
Schwann,B,457,534.8218,-0.226405680342382,-3.4955367473123,0.0003999200159968,0.000408251682996734,True,False,Patient2_PT
Schwann,T,1131,1320.2228,-0.222999812996127,-5.64485969232765,0.0003999200159968,0.000408251682996734,True,False,Patient2_PT
Neuroblast,Endothelial,12292,47891.6408,-1.96196695207866,-197.230149259303,0.0003999200159968,0.000408251682996734,True,False,Patient2_PT
Neuroblast,Fibroblast,7053,51507.7414,-2.86830380781258,-238.375660683434,0.0003999200159968,0.000408251682996734,True,False,Patient2_PT
Neuroblast,Schwann,2604,3639.109,-0.482698278855632,-20.788708393171,0.0003999200159968,0.000408251682996734,True,False,Patient2_PT
Neuroblast,Neuroblast,599571,353908.4888,0.760552568110966,515.181233109052,0.0003999200159968,0.000408251682996734,True,False,Patient2_PT
Neuroblast,Macrophage,73275,150223.6376,-1.03570878486802,-248.154351511078,0.0003999200159968,0.000408251682996734,True,False,Patient2_PT
Neuroblast,B,32026,51945.9014,-0.697749030039444,-107.811207590264,0.0003999200159968,0.000408251682996734,True,False,Patient2_PT
Neuroblast,T,60673,128377.481,-1.08125306507464,-236.369945734735,0.0003999200159968,0.000408251682996734,True,False,Patient2_PT
Macrophage,Endothelial,20511,20331.9998,0.0126450902378354,1.39591386826698,0.162767446510697,0.162767446510697,False,False,Patient2_PT
Macrophage,Fibroblast,23399,21868.9348,0.0975596104677984,11.4207635419293,0.0003999200159968,0.000408251682996734,True,False,Patient2_PT
Macrophage,Schwann,1669,1545.4262,0.110910117273785,3.38958019860693,0.0003999200159968,0.000408251682996734,True,False,Patient2_PT
Macrophage,Neuroblast,74419,150231.0498,-1.01343032789545,-264.416608224476,0.0003999200159968,0.000408251682996734,True,False,Patient2_PT
Macrophage,Macrophage,126609,63766.483,0.989498515163953,221.353599678953,0.0003999200159968,0.000408251682996734,True,False,Patient2_PT
Macrophage,B,23577,22051.9058,0.0964725821904986,11.3221405246582,0.0003999200159968,0.000408251682996734,True,False,Patient2_PT
Macrophage,T,64106,54494.2006,0.234352719713948,47.9625050349651,0.0003999200159968,0.000408251682996734,True,False,Patient2_PT
B,Endothelial,5207,7030.881,-0.433181207563302,-22.9020945198849,0.0003999200159968,0.000408251682996734,True,False,Patient2_PT
B,Fibroblast,6682,7559.5722,-0.177999550585125,-10.7888879036689,0.0003999200159968,0.000408251682996734,True,False,Patient2_PT
B,Schwann,439,534.7332,-0.284011180542069,-4.26457820099444,0.0003999200159968,0.000408251682996734,True,False,Patient2_PT
B,Neuroblast,32193,51944.0896,-0.690195538632698,-117.813531080308,0.0003999200159968,0.000408251682996734,True,False,Patient2_PT
B,Macrophage,23301,22053.7262,0.0793659359502326,9.46414625258829,0.0003999200159968,0.000408251682996734,True,False,Patient2_PT
B,B,19331,7622.9528,1.34237980723561,104.391586483735,0.0003999200159968,0.000408251682996734,True,False,Patient2_PT
B,T,28437,18844.045,0.593634766030833,77.9622030814972,0.0003999200159968,0.000408251682996734,True,False,Patient2_PT
T,Endothelial,19486,17372.8774,0.165592244345106,17.5961567411147,0.0003999200159968,0.000408251682996734,True,False,Patient2_PT
T,Fibroblast,23536,18684.2182,0.333033036631046,38.8272998445288,0.0003999200159968,0.000408251682996734,True,False,Patient2_PT
T,Schwann,1070,1320.0058,-0.302678320798515,-7.35272071204076,0.0003999200159968,0.000408251682996734,True,False,Patient2_PT
T,Neuroblast,60640,128378.7276,-1.08205195538174,-256.591660060086,0.0003999200159968,0.000408251682996734,True,False,Patient2_PT
T,Macrophage,62872,54495.6282,0.206273632661907,42.0843312975087,0.0003999200159968,0.000408251682996734,True,False,Patient2_PT
T,B,28158,18845.622,0.579290137745784,74.8809028521962,0.0003999200159968,0.000408251682996734,True,False,Patient2_PT
T,T,89910,46574.9208,0.94891333912892,172.671235232602,0.0003999200159968,0.000408251682996734,True,False,Patient2_PT
Endothelial,Endothelial,21622,809.143,4.73824630437982,541.467141933456,0.0003999200159968,0.0003999200159968,True,False,Patient2_DX
Endothelial,Fibroblast,3154,977.294,1.68930000649044,71.5362676889135,0.0003999200159968,0.0003999200159968,True,False,Patient2_DX
Endothelial,Schwann,184,122.7646,0.579926546719684,5.58798133417585,0.0003999200159968,0.0003999200159968,True,False,Patient2_DX
Endothelial,Neuroblast,10995,49547.1026,-2.17185099979775,-413.903766512184,0.0003999200159968,0.0003999200159968,True,False,Patient2_DX
Endothelial,Macrophage,9958,4493.3748,1.14788044572611,83.9860974791754,0.0003999200159968,0.0003999200159968,True,False,Patient2_DX
Endothelial,B,1423,563.196,1.33568080355712,36.699752726592,0.0003999200159968,0.0003999200159968,True,False,Patient2_DX
Endothelial,T,12358,3181.125,1.95749960188537,167.197310143406,0.0003999200159968,0.0003999200159968,True,False,Patient2_DX
Fibroblast,Endothelial,3201,977.4044,1.71047051089186,72.8157795748377,0.0003999200159968,0.0003999200159968,True,False,Patient2_DX
Fibroblast,Fibroblast,18272,1180.1394,3.95146236113547,367.776064905988,0.0003999200159968,0.0003999200159968,True,False,Patient2_DX
Fibroblast,Schwann,414,147.7536,1.48018675281679,22.2727675099606,0.0003999200159968,0.0003999200159968,True,False,Patient2_DX
Fibroblast,Neuroblast,22178,59789.5764,-1.43072379982883,-361.135678197084,0.0003999200159968,0.0003999200159968,True,False,Patient2_DX
Fibroblast,Macrophage,12782,5423.0942,1.23677231832557,102.879707279783,0.0003999200159968,0.0003999200159968,True,False,Patient2_DX
Fibroblast,B,2483,678.7794,1.86952662526012,69.9959035143349,0.0003999200159968,0.0003999200159968,True,False,Patient2_DX
Fibroblast,T,12706,3839.2526,1.72635034895415,146.296994524778,0.0003999200159968,0.0003999200159968,True,False,Patient2_DX
Schwann,Endothelial,187,122.602,0.605030574269545,5.87436088715475,0.0003999200159968,0.0003999200159968,True,False,Patient2_DX
Schwann,Fibroblast,416,147.6784,1.48785231581153,22.2942017877937,0.0003999200159968,0.0003999200159968,True,False,Patient2_DX
Schwann,Schwann,931,18.4088,5.58554712736536,155.657777910636,0.0003999200159968,0.0003999200159968,True,False,Patient2_DX
Schwann,Neuroblast,4998,7493.7646,-0.584243638844039,-69.1872477508234,0.0003999200159968,0.0003999200159968,True,False,Patient2_DX
Schwann,Macrophage,1370,680.711,1.00799640363403,27.3317025555938,0.0003999200159968,0.0003999200159968,True,False,Patient2_DX
Schwann,B,143,85.1578,0.741015494760248,6.29587112807302,0.0003999200159968,0.0003999200159968,True,False,Patient2_DX
Schwann,T,985,481.6774,1.03052836834196,23.5252107000752,0.0003999200159968,0.0003999200159968,True,False,Patient2_DX
Neuroblast,Endothelial,9935,49546.3132,-2.31806974790052,-274.678949351961,0.0003999200159968,0.0003999200159968,True,False,Patient2_DX
Neuroblast,Fibroblast,21004,59790.1874,-1.5092000760033,-243.205574898553,0.0003999200159968,0.0003999200159968,True,False,Patient2_DX
Neuroblast,Schwann,4699,7495.4548,-0.673547725262413,-49.797931875389,0.0003999200159968,0.0003999200159968,True,False,Patient2_DX
Neuroblast,Neuroblast,3419590,3031519.8842,0.173782020741483,719.313670408072,0.0003999200159968,0.0003999200159968,True,False,Patient2_DX
Neuroblast,Macrophage,112333,275007.6752,-1.29168247679057,-473.71857689435,0.0003999200159968,0.0003999200159968,True,False,Patient2_DX
Neuroblast,B,12759,34459.49,-1.43331488655015,-181.459036649723,0.0003999200159968,0.0003999200159968,True,False,Patient2_DX
Neuroblast,T,72150,194650.9952,-1.43180583704771,-416.021257235577,0.0003999200159968,0.0003999200159968,True,False,Patient2_DX
Macrophage,Endothelial,9466,4493.4816,1.07475259931743,75.3748470659029,0.0003999200159968,0.0003999200159968,True,False,Patient2_DX
Macrophage,Fibroblast,12559,5421.3932,1.21183482640565,98.0790451181342,0.0003999200159968,0.0003999200159968,True,False,Patient2_DX
Macrophage,Schwann,1339,680.4474,0.975558793914591,25.8379044371159,0.0003999200159968,0.0003999200159968,True,False,Patient2_DX
Macrophage,Neuroblast,118454,275003.8252,-1.21511783600764,-651.169012351865,0.0003999200159968,0.0003999200159968,True,False,Patient2_DX
Macrophage,Macrophage,136228,24944.7042,2.44917055109681,558.437950633138,0.0003999200159968,0.0003999200159968,True,False,Patient2_DX
Macrophage,B,7897,3125.0352,1.3371533442337,87.7669554105705,0.0003999200159968,0.0003999200159968,True,False,Patient2_DX
Macrophage,T,45383,17657.1132,1.3618525723654,221.397043076626,0.0003999200159968,0.0003999200159968,True,False,Patient2_DX
B,Endothelial,1360,563.0294,1.27082479674928,33.6747953092413,0.0003999200159968,0.0003999200159968,True,False,Patient2_DX
B,Fibroblast,2398,678.8602,1.81912313777628,67.2605835171576,0.0003999200159968,0.0003999200159968,True,False,Patient2_DX
B,Schwann,132,85.1906,0.625823803931253,5.0913156685431,0.0003999200159968,0.0003999200159968,True,False,Patient2_DX
B,Neuroblast,13130,34458.4464,-1.39192273466591,-273.840872888734,0.0003999200159968,0.0003999200159968,True,False,Patient2_DX
B,Macrophage,7879,3125.1708,1.33379902678187,89.3647896345195,0.0003999200159968,0.0003999200159968,True,False,Patient2_DX
B,B,5487,391.4,3.80588353484093,191.397352172814,0.0003999200159968,0.0003999200159968,True,False,Patient2_DX
B,T,11128,2211.9026,2.33031210664179,195.02134084885,0.0003999200159968,0.0003999200159968,True,False,Patient2_DX
T,Endothelial,11578,3181.7384,1.86317017589368,150.922935630085,0.0003999200159968,0.0003999200159968,True,False,Patient2_DX
T,Fibroblast,12468,3839.504,1.69897820990342,141.023126017471,0.0003999200159968,0.0003999200159968,True,False,Patient2_DX
T,Schwann,982,481.488,1.02669835512975,23.1189252208532,0.0003999200159968,0.0003999200159968,True,False,Patient2_DX
T,Neuroblast,73397,194648.5906,-1.40706665316199,-615.985744592742,0.0003999200159968,0.0003999200159968,True,False,Patient2_DX
T,Macrophage,45149,17656.9714,1.35440637627494,217.733316981024,0.0003999200159968,0.0003999200159968,True,False,Patient2_DX
T,B,10971,2211.9592,2.3097777695562,189.254782565822,0.0003999200159968,0.0003999200159968,True,False,Patient2_DX
T,T,79971,12495.7484,2.67794220765781,466.434160928608,0.0003999200159968,0.0003999200159968,True,False,Patient2_DX
Endothelial,Endothelial,56005,17818.3114,1.65213980616218,231.650394195394,0.0003999200159968,0.000416937889017941,True,False,Patient5_DX
Endothelial,Fibroblast,21917,19500.2562,0.168549099397926,19.1639355734151,0.0003999200159968,0.000416937889017941,True,False,Patient5_DX
Endothelial,Schwann,2917,4230.391,-0.536152120258774,-21.125365110984,0.0003999200159968,0.000416937889017941,True,False,Patient5_DX
Endothelial,Neuroblast,23898,49221.6284,-1.04237144404455,-138.503516467034,0.0003999200159968,0.000416937889017941,True,False,Patient5_DX
Endothelial,Macrophage,24537,28463.0622,-0.214123903163851,-26.2534642015002,0.0003999200159968,0.000416937889017941,True,False,Patient5_DX
Endothelial,B,4673,6936.2446,-0.569705019278591,-28.7642417254292,0.0003999200159968,0.000416937889017941,True,False,Patient5_DX
Endothelial,T,19203,26980.1062,-0.490542657530571,-52.7535664384351,0.0003999200159968,0.000416937889017941,True,False,Patient5_DX
Fibroblast,Endothelial,22192,19500.483,0.186520862389067,21.4441645885988,0.0003999200159968,0.000416937889017941,True,False,Patient5_DX
Fibroblast,Fibroblast,54720,21334.9926,1.35880536539476,190.899714559444,0.0003999200159968,0.000416937889017941,True,False,Patient5_DX
Fibroblast,Schwann,7293,4628.7956,0.655761698062318,41.263242665735,0.0003999200159968,0.000416937889017941,True,False,Patient5_DX
Fibroblast,Neuroblast,23626,53861.224,-1.18883734364044,-159.896962575648,0.0003999200159968,0.000416937889017941,True,False,Patient5_DX
Fibroblast,Macrophage,33203,31147.5342,0.0921927758469078,13.4779088344541,0.0003999200159968,0.000416937889017941,True,False,Patient5_DX
Fibroblast,B,4742,7589.9394,-0.678478565821307,-34.7767799775172,0.0003999200159968,0.000416937889017941,True,False,Patient5_DX
Fibroblast,T,21816,29529.0312,-0.436730146768395,-50.6972105658708,0.0003999200159968,0.000416937889017941,True,False,Patient5_DX
Schwann,Endothelial,2887,4230.0662,-0.550950516304099,-21.7851388707791,0.0003999200159968,0.000416937889017941,True,False,Patient5_DX
Schwann,Fibroblast,7276,4629.8938,0.652053138521285,42.2762657756291,0.0003999200159968,0.000416937889017941,True,False,Patient5_DX
Schwann,Schwann,5614,1004.6148,2.48120823492915,111.201460329724,0.0003999200159968,0.000416937889017941,True,False,Patient5_DX
Schwann,Neuroblast,7360,11684.3496,-0.666727220606384,-48.5099596703131,0.0003999200159968,0.000416937889017941,True,False,Patient5_DX
Schwann,Macrophage,8006,6757.7388,0.244507745601783,16.7714836318257,0.0003999200159968,0.000416937889017941,True,False,Patient5_DX
Schwann,B,858,1646.2818,-0.93935734110533,-19.9774802241634,0.0003999200159968,0.000416937889017941,True,False,Patient5_DX
Schwann,T,4359,6407.055,-0.555558395373436,-28.2838020143032,0.0003999200159968,0.000416937889017941,True,False,Patient5_DX
Neuroblast,Endothelial,24294,49223.038,-1.0187035789293,-130.684075807581,0.0003999200159968,0.000416937889017941,True,False,Patient5_DX
Neuroblast,Fibroblast,23854,53860.13,-1.17495281140253,-149.122069030111,0.0003999200159968,0.000416937889017941,True,False,Patient5_DX
Neuroblast,Schwann,7255,11683.8168,-0.687388754074194,-45.506369516572,0.0003999200159968,0.000416937889017941,True,False,Patient5_DX
Neuroblast,Neuroblast,285043,135928.5342,1.06832568105025,418.34789050946,0.0003999200159968,0.000416937889017941,True,False,Patient5_DX
Neuroblast,Macrophage,42796,78610.9758,-0.877239440737965,-153.687769789935,0.0003999200159968,0.000416937889017941,True,False,Patient5_DX
Neuroblast,B,7505,19158.1158,-1.35191478638426,-93.9871054216693,0.0003999200159968,0.000416937889017941,True,False,Patient5_DX
Neuroblast,T,32247,74529.3894,-1.208619109047,-181.782781860859,0.0003999200159968,0.000416937889017941,True,False,Patient5_DX
Macrophage,Endothelial,24750,28464.193,-0.20171206681485,-24.4166566843576,0.0003999200159968,0.000416937889017941,True,False,Patient5_DX
Macrophage,Fibroblast,33778,31146.9846,0.116987800858597,17.1859319699259,0.0003999200159968,0.000416937889017941,True,False,Patient5_DX
Macrophage,Schwann,8103,6758.646,0.261686479024666,17.3537286713221,0.0003999200159968,0.000416937889017941,True,False,Patient5_DX
Macrophage,Neuroblast,43156,78610.1758,-0.865139847246141,-157.836476745035,0.0003999200159968,0.000416937889017941,True,False,Patient5_DX
Macrophage,Macrophage,80811,45463.846,0.829818072599592,146.127347640232,0.0003999200159968,0.000416937889017941,True,False,Patient5_DX
Macrophage,B,10845,11078.1464,-0.0306836568305527,-2.36418490509287,0.0211957608478304,0.0216373391988269,True,False,Patient5_DX
Macrophage,T,43177,43098.0082,0.00264174922962991,0.432494932247635,0.650669866026794,0.650669866026794,False,False,Patient5_DX
B,Endothelial,4639,6936.3264,-0.580254959376684,-29.7264676477161,0.0003999200159968,0.000416937889017941,True,False,Patient5_DX
B,Fibroblast,4757,7590.573,-0.674043576219401,-34.9462464125368,0.0003999200159968,0.000416937889017941,True,False,Patient5_DX
B,Schwann,842,1646.4514,-0.966631369916502,-20.4727514888055,0.0003999200159968,0.000416937889017941,True,False,Patient5_DX
B,Neuroblast,7432,19157.7026,-1.36598335400356,-102.748982434593,0.0003999200159968,0.000416937889017941,True,False,Patient5_DX
B,Macrophage,10609,11079.2028,-0.0625596308994735,-4.89975197354073,0.0003999200159968,0.000416937889017941,True,False,Patient5_DX
B,B,11844,2700.847,2.13226031332113,137.442981601883,0.0003999200159968,0.000416937889017941,True,False,Patient5_DX
B,T,19493,10504.8968,0.891830831498769,96.5347653874442,0.0003999200159968,0.000416937889017941,True,False,Patient5_DX
T,Endothelial,18247,26980.1986,-0.564216087548938,-58.9141026277778,0.0003999200159968,0.000416937889017941,True,False,Patient5_DX
T,Fibroblast,21543,29530.9434,-0.454990163656055,-51.5809212226027,0.0003999200159968,0.000416937889017941,True,False,Patient5_DX
T,Schwann,4234,6406.3314,-0.597361641948593,-28.4195865657343,0.0003999200159968,0.000416937889017941,True,False,Patient5_DX
T,Neuroblast,31537,74528.288,-1.24071630352703,-192.628543708844,0.0003999200159968,0.000416937889017941,True,False,Patient5_DX
T,Macrophage,41850,43099.5914,-0.0424455698671527,-6.87851667299918,0.0003999200159968,0.000416937889017941,True,False,Patient5_DX
T,B,19590,10504.971,0.898981532900395,95.362030847732,0.0003999200159968,0.000416937889017941,True,False,Patient5_DX
T,T,94911,40861.6762,1.21580680999326,231.093948381741,0.0003999200159968,0.000416937889017941,True,False,Patient5_DX
Endothelial,Endothelial,44582,9397.0678,2.24605761828441,291.201334849576,0.0003999200159968,0.000445365472360073,True,False,Patient5_PT
Endothelial,Fibroblast,21525,21873.7088,-0.0231835514356195,-2.69797686841251,0.011997600479904,0.0125081366705382,True,False,Patient5_PT
Endothelial,Schwann,12265,21403.4482,-0.803245787694709,-68.4897773897424,0.0003999200159968,0.000445365472360073,True,False,Patient5_PT
Endothelial,Neuroblast,13754,37222.3788,-1.43625287642973,-147.008017809385,0.0003999200159968,0.000445365472360073,True,False,Patient5_PT
Endothelial,Macrophage,15061,17393.3176,-0.207702731150465,-19.7331360135204,0.0003999200159968,0.000445365472360073,True,False,Patient5_PT
Endothelial,B,122,146.1742,-0.258866469999042,-2.05874094867624,0.0335932813437312,0.0342931413717256,True,False,Patient5_PT
Endothelial,T,1393,1265.9046,0.137922669946848,3.64110313294568,0.000799840031993601,0.000870936923726365,True,False,Patient5_PT
Fibroblast,Endothelial,24207,21875.2682,0.146117238107841,17.2516089719697,0.0003999200159968,0.000445365472360073,True,False,Patient5_PT
Fibroblast,Fibroblast,92677,50928.29,0.863731306131035,167.845130639837,0.0003999200159968,0.000445365472360073,True,False,Patient5_PT
Fibroblast,Schwann,53876,49835.586,0.112464278807491,20.9535410749253,0.0003999200159968,0.000445365472360073,True,False,Patient5_PT
Fibroblast,Neuroblast,32873,86662.106,-1.39847093415374,-224.229081208024,0.0003999200159968,0.000445365472360073,True,False,Patient5_PT
Fibroblast,Macrophage,44848,40497.3796,0.147211632880384,24.7563772757483,0.0003999200159968,0.000445365472360073,True,False,Patient5_PT
Fibroblast,B,453,340.2506,0.411860714879264,6.53979257547974,0.0003999200159968,0.000445365472360073,True,False,Patient5_PT
Fibroblast,T,4152,2947.1196,0.494358818555338,23.4817134827712,0.0003999200159968,0.000445365472360073,True,False,Patient5_PT
Schwann,Endothelial,14416,21402.6574,-0.570086352826276,-51.1277271171207,0.0003999200159968,0.000445365472360073,True,False,Patient5_PT
Schwann,Fibroblast,52817,49838.2504,0.0837473037432644,15.4920514448458,0.0003999200159968,0.000445365472360073,True,False,Patient5_PT
Schwann,Schwann,99435,48765.1776,1.02788736723537,203.335976675181,0.0003999200159968,0.000445365472360073,True,False,Patient5_PT
Schwann,Neuroblast,37366,84804.0542,-1.18238550692505,-205.095948819288,0.0003999200159968,0.000445365472360073,True,False,Patient5_PT
Schwann,Macrophage,40748,39622.6678,0.0404022245936878,6.30030597702622,0.0003999200159968,0.000445365472360073,True,False,Patient5_PT
Schwann,B,279,333.246,-0.25548346818296,-3.1551925991484,0.0011997600479904,0.00127800526851151,True,False,Patient5_PT
Schwann,T,2589,2883.9466,-0.155592517101674,-5.84389603771365,0.0003999200159968,0.000445365472360073,True,False,Patient5_PT
Neuroblast,Endothelial,12696,37222.1596,-1.55171285772064,-142.381323081871,0.0003999200159968,0.000445365472360073,True,False,Patient5_PT
Neuroblast,Fibroblast,28616,86661.4704,-1.59853492441157,-232.192409027942,0.0003999200159968,0.000445365472360073,True,False,Patient5_PT
Neuroblast,Schwann,33471,84801.1266,-1.34114568729858,-205.340754040906,0.0003999200159968,0.000445365472360073,True,False,Patient5_PT
Neuroblast,Neuroblast,312436,147472.2046,1.0831124678279,451.62742520688,0.0003999200159968,0.000445365472360073,True,False,Patient5_PT
Neuroblast,Macrophage,41557,68916.8124,-0.729750682561387,-119.153806174416,0.0003999200159968,0.000445365472360073,True,False,Patient5_PT
Neuroblast,B,204,579.3258,-1.50123915961315,-17.2827350098185,0.0003999200159968,0.000445365472360073,True,False,Patient5_PT
Neuroblast,T,1688,5014.9006,-1.57033943042569,-50.8096105967095,0.0003999200159968,0.000445365472360073,True,False,Patient5_PT
Macrophage,Endothelial,16308,17393.195,-0.0929375881472164,-8.85123592251634,0.0003999200159968,0.000445365472360073,True,False,Patient5_PT
Macrophage,Fibroblast,43678,40499.197,0.109010901613211,18.2561360493307,0.0003999200159968,0.000445365472360073,True,False,Patient5_PT
Macrophage,Schwann,40666,39624.747,0.0374204349747816,5.91991605605452,0.0003999200159968,0.000445365472360073,True,False,Patient5_PT
Macrophage,Neuroblast,46104,68918.9606,-0.57999866012062,-106.729339190216,0.0003999200159968,0.000445365472360073,True,False,Patient5_PT
Macrophage,Macrophage,50778,32201.1272,0.65707599133867,89.0194541516182,0.0003999200159968,0.000445365472360073,True,False,Patient5_PT
Macrophage,B,396,271.0786,0.54511551968181,7.85102287883492,0.0003999200159968,0.000445365472360073,True,False,Patient5_PT
Macrophage,T,3322,2343.6946,0.503086271252443,21.3296399580489,0.0003999200159968,0.000445365472360073,True,False,Patient5_PT
B,Endothelial,129,146.1782,-0.179052372319081,-1.48634137394607,0.151569686062787,0.151569686062787,False,False,Patient5_PT
B,Fibroblast,443,340.3698,0.379224243626857,6.23489000265767,0.0003999200159968,0.000445365472360073,True,False,Patient5_PT
B,Schwann,268,332.952,-0.31203458159874,-4.00532438262505,0.0003999200159968,0.000445365472360073,True,False,Patient5_PT
B,Neuroblast,209,579.498,-1.46690176866533,-19.1765658649855,0.0003999200159968,0.000445365472360073,True,False,Patient5_PT
B,Macrophage,384,270.958,0.501474580619974,7.53927307184921,0.0003999200159968,0.000445365472360073,True,False,Patient5_PT
B,B,116,2.267,5.16239826480742,55.9798658448732,0.0003999200159968,0.000445365472360073,True,True,Patient5_PT
B,T,143,19.777,2.79300954863499,28.1023079958215,0.0003999200159968,0.000445365472360073,True,False,Patient5_PT
T,Endothelial,1462,1265.4906,0.208093400190463,5.73408735526916,0.0003999200159968,0.000445365472360073,True,False,Patient5_PT
T,Fibroblast,3980,2947.4044,0.433196454912945,21.1256872644084,0.0003999200159968,0.000445365472360073,True,False,Patient5_PT
T,Schwann,2509,2883.3778,-0.200572779074379,-7.82773917068324,0.0003999200159968,0.000445365472360073,True,False,Patient5_PT
T,Neuroblast,1906,5015.7898,-1.39545964780003,-53.4648974408897,0.0003999200159968,0.000445365472360073,True,False,Patient5_PT
T,Macrophage,3242,2343.9934,0.467745161522436,20.2408787808607,0.0003999200159968,0.000445365472360073,True,False,Patient5_PT
T,B,152,19.7646,2.88133366720918,30.0671802245588,0.0003999200159968,0.000445365472360073,True,False,Patient5_PT
T,T,1395,170.1794,3.02771794045531,71.0718721164366,0.0003999200159968,0.000445365472360073,True,False,Patient5_PT
