Sequence,Patient2_DX,Patient2_PT,Patient3_DX,Patient3_PT,Patient1_DX,Patient1_PT,Patient4_DX,Patient4_PT,Patient5_DX,Patient5_PT,Criteria 1,Criteria 2,Criteria 3
clone1_CATWVSNYYKKLF_TRG,1,1,,,,,,,,,True,False,True
clone2_CATWDRRKKLF_TRG,1,1,,,,,,,,,True,False,True
clone3_CALWAYKKLF_TRG,,,1,1,,,,,,,False,False,True
clone4_CATWDYYKKLF_TRG,1,1,1,1,,,1,1,,,False,True,True
clone5_CALWEVGYYKKLF_TRG,,,,,,,,,1,1,True,False,True
clone6_CAAWDYYKKLF_TRG,1,1,1,1,1,1,1,,1,,True,True,True
clone7_CAMNDNFNKFYF_TRA,,1,,,,,,,,,True,False,False
clone8_CATWDVSRAYYKKLF_TRG,,,,1,,,,,,,False,False,True
clone9_CARLMNQTGGLGKKIKVF_TRG,,,,,,,1,,,,False,False,True
clone10_CATYSSDWIKTF_TRG,,,,,,,,1,,,False,False,True
clone11_CATWDGLGYYKKLF_TRG,,,,,,,1,1,1,,False,True,True
clone12_CALWEVQSDWIKTF_TRG,,,,,,,,,,1,False,False,True
clone13_CALWEVQLGKKIKVF_TRG,,,,,1,,,,,,False,False,True
clone14_CACWIRHSYYKKLF_TRG,1,1,,,,,,,,,False,False,True
clone15_CATWDGLYYKKLF_TRG,,,1,1,,,1,1,,,True,True,False
clone16_CAAWDTTGWFKIF_TRG,,1,1,1,,1,1,1,1,,False,True,False
clone17_CALWEVQELGKKIKVF_TRG,,,1,1,,1,1,1,1,,False,True,True
clone18_CATWDGPYKKLF_TRG,1,1,,1,,1,1,,1,,True,True,False
clone19_CATWDGYYKKLF_TRG,,1,,,,1,1,,1,1,False,True,True
clone20_CATWGQTKKLF_TRG,,1,,,,,,,,,True,False,False
clone21_CATWDRPGSSRKKLF_TRG,,1,,,,,,,,,True,False,False
clone22_CATWDRRWYYKKLF_TRG,1,1,,,,,,,,,True,False,True
clone23_CATWDRRGGDWIKTF_TRG,1,,,,,,,,,,True,False,True
clone24_CATWDMYYYKKLF_TRG,,1,,,,,,,,,True,False,True
clone25_CACDILGDTDKLIF_TRD,,,,1,,1,,,,,True,True,False
clone26_CACENLGLRRFVIFTGGFPYTDKLIF_TRD,,,1,1,,,,,,,False,False,True
clone27_CALGEGPSGGIYLIF_TRD,,,,,1,1,,,,,False,False,True
clone28_CAPHFALGGKLIF_TRD,1,1,,,,,,,,,False,False,True
clone29_CALGEPPTTGLGLTDKLIF_TRD,,,,,,,1,,,,False,False,True
clone30_CACDTGGYASWDTRQMFF_TRD,,,,,,,,1,,,False,False,True
clone31_CALGERANAGKSTF_TRD,,,,,,,,,1,,True,False,False
clone32_CACDTGGWSSWDTRQMFF_TRD,,,,,,,,,,1,False,False,True
clone33_CALGDRQFLVGIRNLYTDKLIF_TRD,1,1,,,,,,,,,True,False,True
clone34_CACDTVLGDKSSWDTRQMFF_TRD,,,,,,,1,,,,True,False,True
clone35_CALGELKWGTGGPLGKLIF_TRD,1,1,,,,,,,,,True,False,True
clone36_CALGLPRPTGGPTRPDKLIF_TRD,1,1,,,,,,,,,True,False,True
clone37_CAVRDSNYQLIW_TRA,,,,,1,,1,1,1,,True,True,True
clone38_CAVMDSNYQLIW_TRA,,,1,,1,,1,,1,,True,True,True
clone39_CAGGSNYKLTF_TRA,,1,1,1,,,,,1,,False,True,True
clone40_CAALDSNYQLIW_TRA,,,1,,,1,,,1,,False,True,False
clone41_CAVLNTDKLIF_TRA,,,1,,,1,,,1,,False,True,False
clone42_CILRDGYGGSQGNLIF_TRA,,1,1,1,,,,,,,False,True,True
clone43_CGSPGGTSYGKLTF_TRA,,1,,,,,,,,,True,False,False
clone44_CAVGSKGTGGSQGNLIF_TRA,,1,,,,,,,,,True,False,False
clone45_CAAKQAGYSTLTF_TRA,1,1,,,,,,,,,True,False,True
clone46_CAVLDSNYQLIW_TRA,,,1,,,,1,,1,,True,True,False
clone47_CVVSGSNDYKLSF_TRA,,,,,,,1,,,1,False,True,True
clone48_CIVRAPSNTGKLIF_TRA,,,,,1,1,,,,,False,False,True
clone49_CAFAPGAGSYQLTF_TRA,,,1,1,,,,,,,False,False,True
clone50_CAVQAGTGANNLFF_TRA,,,,,,,1,1,,,False,False,True
clone51_CAGPIIQGAQKLVF_TRA,1,1,,,,,,,,,False,False,True
clone52_CAIPTGANNLFF_TRA,1,1,,,,,,,,,True,False,True
clone53_CATNFGNEKLTF_TRA,,,1,1,,,,,,,False,False,True
clone54_CALDNYGQNFVF_TRA,,,,,,,,,1,1,False,False,True
clone55_CAMMGDTGFQKLVF_TRA,,,,,,,,,1,1,True,False,True
clone57_CAVSGSARQLTF_TRA,1,1,,,,,1,,,,True,True,True
clone58_CASSLGYEQYF_TRB,,,,,,,1,,1,,False,True,False
clone59_CASSPSGGTDTQYF_TRB,,,,1,,,,1,,,False,True,True
clone60_CASSQDLGVSFF_TRB,1,1,,,,,,,,,True,False,True
clone61_CASSQEGYEQYF_TRB,,,1,,,,,,1,,False,True,False
clone62_CASSRGGGPEAFF_TRB,1,1,,,,,,,,,False,False,True
clone63_CASSSGRGNYGYTF_TRB,,,1,1,,,,,,,True,False,True
clone64_CASSVIAETYEQYF_TRB,1,1,,,,,,,,,True,False,True
clone65_CSVEAGGNYEQYF_TRB,,1,,,,,,,,,True,False,False
clone66_CATSRDPADIAGGKLFF_TRB,,1,,,,,,,,,True,False,False
clone67_CASSSGGNTGELFF_TRB,,,,,,,,,1,,False,False,True
clone68_CASSFLSSYNEQFF_TRB,,,,,,,1,,,,False,False,True
clone69_CASSPGTSGTDTQYF_TRB,,,,,,,,,1,,False,False,True
clone70_CASSLDSGELFF_TRB,,,1,,,,,,,,False,False,True
clone71_CASSLLGAGNTIYF_TRB,,1,,,,,,,,,False,False,True
clone72_CASSLIGAGNTIYF_TRB,,,,1,,,,,,,False,False,True
clone73_CASSLAGQETQYF_TRB,,,,,,,,,1,,False,False,True
clone74_CASSLVASGGYNEQFF_TRB,,,,,1,,,,,,False,False,True
clone75_CASSIGTGAYEQYF_TRB,,,,,,,1,,,,False,False,True
clone76_CSARGGTEAFF_TRB,,,,,,,1,,,,False,False,True
clone77_CASSFRRFEQETQYF_TRB,,,,,,1,,,,,False,False,True
clone78_CASTSSSYNEQFF_TRB,,,,,,1,,,,,False,False,True
clone79_CASRNRDLNTEAFF_TRB,,,,,,,1,,,,False,False,True
clone80_CASSLPSAGTFYEQYF_TRB,,,,,,,,1,,,False,False,True
clone81_CASVSGQGTYGYTF_TRB,,,,,,,,,1,,False,False,True
clone82_CASSFSGSDHNEQFF_TRB,,,,,,,,,,1,False,False,True
clone83_CASSSGLAGVEQYF_TRB,,,,,,,1,1,,,False,False,True
clone84_CASSLVPEYTEQYF_TRB,1,1,,,,,,,,,False,False,True
clone85_CASGPGTEETQYF_TRB,,,1,1,,,,,,,False,False,True
clone86_CASSPGLALYEQFF_TRB,,,1,1,,,,,,,False,False,True
clone87_CASSLNRGYTF_TRB,1,1,,,,,,,,,False,False,True
clone88_CASSLIGTYNEQFF_TRB,,,1,,,,,,,,False,False,True
clone89_CASSQEVLAGNEQFF_TRB,,,,1,,,,,,,False,False,True
clone90_CASSQDLVEQFF_TRB,,1,,,,,,,,,True,False,True
clone91_CASSPDRTYEQYF_TRB,,,,,,,,,1,,False,False,True
clone92_CASSGISYEQYF_TRB,,,,,,,1,,,,False,False,True
clone93_CASSPEGDTQYF_TRB,,,,,,,1,,,,False,False,True
clone94_CASSPQGDTIYF_TRB,,,,,,,,,1,,False,False,True
clone95_CASSLGGQGARDTQYF_TRB,1,1,,,,,,,,,True,False,False
clone96_CASSLPDTGELFF_TRB,,,,,,,1,,,,False,False,True
clone97_CASSETSGRADEQFF_TRB,,,1,,,,,,,,False,False,True
clone98_CASSSGTSGMDTQYF_TRB,,,,,,,,,1,,False,False,True
clone99_CSARRELSYNEQFF_TRB,,,,,,,1,,,,False,False,True
clone100_CASSLTGNTEAFF_TRB,,,,,,1,,,,,False,False,True
